month,category,region,channel,revenue,orders,avg_discount,avg_unit_price
2023-01,Beauty,Central,Organic Search,14.43,1,0.0,14.43
2023-01,Beauty,West,Social Media,98.25,1,0.0,32.75
2023-01,Books,East,Paid Ad,51.48,1,0.0,17.16
2023-01,Books,East,Social Media,75.6,1,0.0,37.8
2023-01,Books,North,Organic Search,19.79,1,0.2,24.74
2023-01,Books,North,Paid Ad,45.92,1,0.0,22.96
2023-01,Books,West,Social Media,49.1,1,0.15,28.88
2023-01,Clothing,East,Direct,125.79,1,0.0,125.79
2023-01,Clothing,East,Email,318.22,1,0.0,159.11
2023-01,Clothing,East,Organic Search,67.55,1,0.0,67.55
2023-01,Clothing,East,Paid Ad,550.7,1,0.05,144.92
2023-01,Clothing,North,Social Media,788.5,1,0.05,166.0
2023-01,Clothing,West,Paid Ad,640.87,2,0.02,110.83
2023-01,Clothing,West,Social Media,329.04,1,0.0,164.52
2023-01,Electronics,Central,Email,92.07,1,0.0,92.07
2023-01,Electronics,East,Direct,472.66,1,0.0,236.33
2023-01,Electronics,East,Organic Search,819.56,1,0.0,204.89
2023-01,Electronics,East,Social Media,132.88,1,0.1,147.64
2023-01,Electronics,North,Direct,237.91,1,0.15,279.89
2023-01,Electronics,South,Paid Ad,1276.96,1,0.0,319.24
2023-01,Electronics,West,Social Media,366.46,1,0.0,183.23
2023-01,Home & Kitchen,North,Email,89.1,2,0.0,38.2
2023-01,Home & Kitchen,North,Organic Search,272.67,2,0.05,107.0
2023-01,Home & Kitchen,South,Email,512.35,1,0.05,134.83
2023-01,Home & Kitchen,West,Direct,589.92,1,0.0,196.64
2023-02,Beauty,Central,Email,70.43,1,0.0,70.43
2023-02,Beauty,Central,Organic Search,70.08,1,0.0,35.04
2023-02,Beauty,Central,Paid Ad,32.89,1,0.1,12.18
2023-02,Beauty,East,Email,17.37,1,0.0,17.37
2023-02,Beauty,North,Direct,8.74,1,0.1,9.71
2023-02,Beauty,South,Organic Search,119.86,1,0.0,59.93
2023-02,Beauty,West,Email,30.87,1,0.0,10.29
2023-02,Beauty,West,Organic Search,417.11,3,0.02,61.37
2023-02,Beauty,West,Social Media,99.48,1,0.0,49.74
2023-02,Books,Central,Direct,153.2,2,0.12,41.4
2023-02,Books,Central,Organic Search,106.21,2,0.08,34.76
2023-02,Books,East,Direct,173.47,2,0.1,49.72
2023-02,Books,East,Email,129.34,3,0.05,21.45
2023-02,Books,East,Organic Search,158.16,1,0.05,41.62
2023-02,Books,East,Paid Ad,158.0,2,0.08,24.84
2023-02,Books,North,Organic Search,67.65,1,0.0,22.55
2023-02,Books,North,Paid Ad,53.13,2,0.08,28.74
2023-02,Books,South,Email,18.48,1,0.0,18.48
2023-02,Books,South,Paid Ad,47.86,1,0.1,53.18
2023-02,Books,South,Social Media,36.33,1,0.05,19.12
2023-02,Books,West,Direct,37.19,1,0.1,41.32
2023-02,Books,West,Email,35.24,1,0.15,41.46
2023-02,Books,West,Organic Search,31.32,2,0.02,16.27
2023-02,Books,West,Paid Ad,23.99,1,0.05,25.25
2023-02,Clothing,Central,Email,726.17,2,0.08,124.8
2023-02,Clothing,Central,Organic Search,80.34,1,0.1,89.27
2023-02,Clothing,Central,Paid Ad,553.47,2,0.05,97.1
2023-02,Clothing,East,Direct,210.31,2,0.05,45.6
2023-02,Clothing,East,Organic Search,78.89,1,0.05,20.76
2023-02,Clothing,East,Paid Ad,143.28,1,0.15,168.57
2023-02,Clothing,North,Email,56.88,1,0.0,18.96
2023-02,Clothing,North,Paid Ad,323.0,3,0.08,117.39
2023-02,Clothing,North,Social Media,38.84,1,0.2,48.55
2023-02,Clothing,South,Direct,178.31,1,0.1,66.04
2023-02,Clothing,South,Email,87.32,1,0.0,87.32
2023-02,Clothing,South,Organic Search,22.47,1,0.05,23.65
2023-02,Clothing,South,Social Media,209.31,2,0.02,105.74
2023-02,Clothing,West,Organic Search,95.42,1,0.0,95.42
2023-02,Electronics,Central,Email,963.36,1,0.0,321.12
2023-02,Electronics,Central,Paid Ad,15.92,1,0.0,15.92
2023-02,Electronics,Central,Social Media,337.62,1,0.0,337.62
2023-02,Electronics,East,Direct,1216.51,4,0.11,170.96
2023-02,Electronics,East,Email,928.97,2,0.08,229.1
2023-02,Electronics,North,Direct,1325.63,4,0.01,231.07
2023-02,Electronics,North,Organic Search,445.2,1,0.0,222.6
2023-02,Electronics,South,Email,192.1,1,0.0,96.05
2023-02,Electronics,South,Organic Search,648.01,2,0.12,185.68
2023-02,Electronics,West,Email,434.4,3,0.02,128.5
2023-02,Electronics,West,Organic Search,317.31,2,0.05,110.17
2023-02,Electronics,West,Paid Ad,43.07,1,0.0,43.07
2023-02,Electronics,West,Social Media,1024.82,5,0.07,200.44
2023-02,Home & Kitchen,Central,Direct,489.99,1,0.0,163.33
2023-02,Home & Kitchen,East,Social Media,149.66,1,0.1,55.43
2023-02,Home & Kitchen,North,Email,51.54,1,0.0,51.54
2023-02,Home & Kitchen,North,Paid Ad,251.27,2,0.05,132.25
2023-02,Home & Kitchen,North,Social Media,422.97,1,0.0,140.99
2023-02,Home & Kitchen,South,Direct,682.22,2,0.08,185.2
2023-02,Home & Kitchen,South,Email,209.79,1,0.0,209.79
2023-02,Home & Kitchen,South,Organic Search,724.23,2,0.02,125.36
2023-02,Home & Kitchen,South,Paid Ad,201.74,1,0.05,106.18
2023-02,Home & Kitchen,South,Social Media,788.99,2,0.02,110.78
2023-02,Home & Kitchen,West,Email,208.06,2,0.05,70.12
2023-02,Home & Kitchen,West,Organic Search,353.72,1,0.0,176.86
2023-02,Home & Kitchen,West,Paid Ad,78.3,2,0.08,29.24
2023-02,Home & Kitchen,West,Social Media,667.39,2,0.1,119.76
2023-03,Beauty,Central,Direct,54.16,1,0.05,57.01
2023-03,Beauty,Central,Paid Ad,28.72,1,0.1,31.91
2023-03,Beauty,Central,Social Media,44.05,2,0.08,23.99
2023-03,Beauty,East,Direct,130.04,1,0.0,65.02
2023-03,Beauty,East,Email,531.51,2,0.08,81.15
2023-03,Beauty,East,Paid Ad,82.77,1,0.0,82.77
2023-03,Beauty,North,Direct,15.94,1,0.0,15.94
2023-03,Beauty,North,Email,109.12,2,0.12,62.34
2023-03,Beauty,North,Organic Search,76.11,1,0.0,76.11
2023-03,Beauty,North,Paid Ad,687.42,3,0.12,72.74
2023-03,Beauty,South,Direct,192.24,2,0.0,55.26
2023-03,Beauty,South,Paid Ad,36.93,2,0.1,14.16
2023-03,Beauty,West,Direct,141.94,2,0.05,55.14
2023-03,Beauty,West,Email,212.68,1,0.0,53.17
2023-03,Beauty,West,Paid Ad,138.06,1,0.1,30.68
2023-03,Beauty,West,Social Media,170.91,2,0.02,44.75
2023-03,Books,Central,Direct,49.66,2,0.1,28.8
2023-03,Books,Central,Email,19.99,1,0.05,10.52
2023-03,Books,Central,Organic Search,111.2,2,0.15,16.3
2023-03,Books,East,Direct,45.9,1,0.15,27.0
2023-03,Books,East,Email,27.97,1,0.0,27.97
2023-03,Books,East,Organic Search,60.18,2,0.0,30.09
2023-03,Books,East,Paid Ad,47.95,1,0.1,53.28
2023-03,Books,East,Social Media,102.76,1,0.0,51.38
2023-03,Books,North,Direct,132.76,2,0.0,33.19
2023-03,Books,North,Email,69.07,2,0.02,27.32
2023-03,Books,North,Organic Search,39.37,2,0.0,19.68
2023-03,Books,North,Paid Ad,85.02,1,0.0,42.51
2023-03,Books,North,Social Media,112.44,1,0.15,33.07
2023-03,Books,South,Email,169.36,3,0.05,39.67
2023-03,Books,South,Organic Search,167.03,2,0.05,44.15
2023-03,Books,South,Paid Ad,32.22,1,0.05,16.96
2023-03,Books,South,Social Media,206.86,3,0.05,43.83
2023-03,Books,West,Organic Search,34.47,1,0.05,9.07
2023-03,Books,West,Social Media,146.09,4,0.08,30.88
2023-03,Clothing,Central,Email,255.0,1,0.0,85.0
2023-03,Clothing,Central,Organic Search,506.63,2,0.0,107.82
2023-03,Clothing,Central,Paid Ad,436.74,2,0.05,116.7
2023-03,Clothing,Central,Social Media,404.77,2,0.05,131.4
2023-03,Clothing,East,Direct,466.75,3,0.02,95.94
2023-03,Clothing,East,Organic Search,921.67,4,0.01,96.16
2023-03,Clothing,East,Paid Ad,857.73,5,0.08,114.58
2023-03,Clothing,East,Social Media,116.81,1,0.05,61.48
2023-03,Clothing,North,Direct,659.64,3,0.0,110.39
2023-03,Clothing,North,Email,130.59,1,0.0,130.59
2023-03,Clothing,North,Organic Search,1081.32,4,0.09,145.79
2023-03,Clothing,North,Paid Ad,104.22,1,0.05,109.71
2023-03,Clothing,South,Email,29.99,1,0.0,29.99
2023-03,Clothing,South,Organic Search,390.25,2,0.1,103.04
2023-03,Clothing,South,Social Media,753.45,3,0.12,112.92
2023-03,Clothing,West,Direct,48.05,2,0.02,24.5
2023-03,Clothing,West,Email,269.42,3,0.05,90.62
2023-03,Clothing,West,Organic Search,345.41,3,0.05,70.55
2023-03,Clothing,West,Paid Ad,293.09,3,0.0,86.62
2023-03,Clothing,West,Social Media,170.6,1,0.0,85.3
2023-03,Electronics,Central,Direct,891.55,3,0.08,197.58
2023-03,Electronics,Central,Organic Search,413.02,2,0.02,212.75
2023-03,Electronics,Central,Paid Ad,102.84,1,0.0,51.42
2023-03,Electronics,Central,Social Media,492.07,3,0.07,104.77
2023-03,Electronics,East,Direct,301.63,2,0.0,150.82
2023-03,Electronics,East,Email,1068.4,2,0.0,198.06
2023-03,Electronics,East,Organic Search,1379.94,4,0.08,148.25
2023-03,Electronics,East,Social Media,1958.09,2,0.02,334.32
2023-03,Electronics,North,Direct,134.29,1,0.2,83.93
2023-03,Electronics,North,Email,547.96,1,0.05,288.4
2023-03,Electronics,North,Organic Search,1011.26,2,0.05,216.44
2023-03,Electronics,North,Paid Ad,3404.01,6,0.03,185.39
2023-03,Electronics,North,Social Media,623.73,1,0.05,328.28
2023-03,Electronics,South,Direct,2212.95,4,0.02,209.54
2023-03,Electronics,South,Email,229.06,2,0.02,116.34
2023-03,Electronics,South,Organic Search,1346.29,2,0.08,150.02
2023-03,Electronics,South,Paid Ad,213.87,1,0.0,213.87
2023-03,Electronics,South,Social Media,1025.81,1,0.05,215.96
2023-03,Electronics,West,Email,357.18,2,0.02,103.51
2023-03,Electronics,West,Organic Search,815.1,3,0.02,157.84
2023-03,Electronics,West,Paid Ad,752.64,3,0.12,162.25
2023-03,Electronics,West,Social Media,756.08,4,0.0,167.6
2023-03,Home & Kitchen,Central,Direct,143.09,1,0.0,143.09
2023-03,Home & Kitchen,Central,Organic Search,108.56,1,0.0,54.28
2023-03,Home & Kitchen,Central,Paid Ad,680.94,2,0.02,108.32
2023-03,Home & Kitchen,Central,Social Media,189.91,2,0.08,105.21
2023-03,Home & Kitchen,East,Direct,457.2,1,0.0,114.3
2023-03,Home & Kitchen,East,Email,412.63,2,0.0,81.82
2023-03,Home & Kitchen,East,Paid Ad,58.86,1,0.2,36.79
2023-03,Home & Kitchen,North,Direct,235.22,2,0.08,127.43
2023-03,Home & Kitchen,North,Email,73.37,1,0.0,73.37
2023-03,Home & Kitchen,North,Organic Search,514.6,2,0.1,142.94
2023-03,Home & Kitchen,North,Paid Ad,170.17,2,0.12,57.2
2023-03,Home & Kitchen,South,Direct,46.24,1,0.0,46.24
2023-03,Home & Kitchen,South,Organic Search,543.44,2,0.08,148.37
2023-03,Home & Kitchen,South,Paid Ad,526.72,2,0.15,125.1
2023-03,Home & Kitchen,South,Social Media,370.32,1,0.0,185.16
2023-03,Home & Kitchen,West,Email,365.92,3,0.02,101.71
2023-03,Home & Kitchen,West,Organic Search,2062.87,6,0.01,121.76
2023-03,Home & Kitchen,West,Paid Ad,925.8,2,0.0,115.72
2023-03,Home & Kitchen,West,Social Media,35.94,1,0.1,39.93
2023-04,Beauty,Central,Direct,235.96,2,0.05,84.92
2023-04,Beauty,Central,Email,81.36,1,0.1,45.2
2023-04,Beauty,Central,Organic Search,94.02,2,0.0,39.76
2023-04,Beauty,Central,Paid Ad,207.48,1,0.0,69.16
2023-04,Beauty,East,Direct,29.03,1,0.1,32.25
2023-04,Beauty,East,Email,71.9,2,0.05,38.48
2023-04,Beauty,East,Social Media,108.89,2,0.08,59.36
2023-04,Beauty,North,Direct,58.84,1,0.0,14.71
2023-04,Beauty,North,Paid Ad,350.71,2,0.02,57.28
2023-04,Beauty,South,Direct,597.11,4,0.01,53.84
2023-04,Beauty,South,Paid Ad,212.08,1,0.1,78.55
2023-04,Beauty,South,Social Media,84.57,1,0.0,84.57
2023-04,Beauty,West,Direct,31.03,1,0.15,36.51
2023-04,Beauty,West,Organic Search,124.18,2,0.08,36.94
2023-04,Beauty,West,Paid Ad,21.16,1,0.0,21.16
2023-04,Beauty,West,Social Media,567.27,4,0.04,63.06
2023-04,Books,Central,Email,40.62,1,0.2,50.77
2023-04,Books,Central,Paid Ad,9.63,1,0.2,12.04
2023-04,Books,Central,Social Media,336.51,6,0.03,30.4
2023-04,Books,East,Direct,9.92,1,0.0,9.92
2023-04,Books,East,Email,94.43,3,0.03,32.68
2023-04,Books,East,Paid Ad,170.31,3,0.08,37.07
2023-04,Books,East,Social Media,56.23,2,0.02,14.36
2023-04,Books,North,Email,10.44,1,0.2,13.05
2023-04,Books,North,Organic Search,165.23,3,0.07,26.17
2023-04,Books,North,Social Media,8.56,1,0.15,10.07
2023-04,Books,South,Direct,223.41,2,0.0,44.19
2023-04,Books,South,Email,22.33,1,0.1,8.27
2023-04,Books,South,Organic Search,90.46,2,0.0,21.6
2023-04,Books,South,Paid Ad,28.08,1,0.2,35.1
2023-04,Books,South,Social Media,38.87,1,0.0,38.87
2023-04,Books,West,Direct,40.85,1,0.15,48.06
2023-04,Books,West,Organic Search,162.95,1,0.0,32.59
2023-04,Books,West,Paid Ad,281.26,5,0.01,28.81
2023-04,Books,West,Social Media,31.7,1,0.15,37.29
2023-04,Clothing,Central,Direct,1084.45,5,0.08,81.12
2023-04,Clothing,Central,Email,272.07,1,0.0,90.69
2023-04,Clothing,Central,Paid Ad,319.24,2,0.0,116.32
2023-04,Clothing,Central,Social Media,666.23,3,0.0,144.73
2023-04,Clothing,East,Direct,155.04,1,0.0,155.04
2023-04,Clothing,East,Email,286.46,3,0.08,85.69
2023-04,Clothing,East,Organic Search,400.98,2,0.0,100.58
2023-04,Clothing,East,Paid Ad,49.02,1,0.15,57.67
2023-04,Clothing,East,Social Media,472.55,3,0.05,89.23
2023-04,Clothing,North,Direct,117.59,1,0.1,130.65
2023-04,Clothing,North,Email,837.65,5,0.05,97.54
2023-04,Clothing,North,Paid Ad,516.02,3,0.08,84.02
2023-04,Clothing,North,Social Media,915.16,4,0.02,128.94
2023-04,Clothing,South,Direct,121.31,2,0.15,71.36
2023-04,Clothing,South,Email,259.97,2,0.12,148.01
2023-04,Clothing,South,Organic Search,481.71,1,0.05,169.02
2023-04,Clothing,South,Paid Ad,124.3,1,0.0,124.3
2023-04,Clothing,South,Social Media,54.56,1,0.05,57.43
2023-04,Clothing,West,Direct,644.39,5,0.07,63.26
2023-04,Clothing,West,Email,159.28,2,0.0,64.8
2023-04,Clothing,West,Organic Search,304.41,3,0.03,85.73
2023-04,Clothing,West,Paid Ad,423.92,3,0.03,96.03
2023-04,Clothing,West,Social Media,331.52,3,0.07,63.93
2023-04,Electronics,Central,Direct,912.25,3,0.0,212.55
2023-04,Electronics,Central,Email,809.92,4,0.05,183.39
2023-04,Electronics,Central,Organic Search,1903.23,2,0.02,217.65
2023-04,Electronics,Central,Paid Ad,1295.37,4,0.09,152.4
2023-04,Electronics,Central,Social Media,1415.12,4,0.01,204.53
2023-04,Electronics,East,Direct,775.75,2,0.02,175.2
2023-04,Electronics,East,Email,1233.98,5,0.04,145.24
2023-04,Electronics,East,Organic Search,842.3,4,0.02,207.52
2023-04,Electronics,East,Paid Ad,129.13,2,0.05,68.37
2023-04,Electronics,East,Social Media,2712.42,9,0.03,109.27
2023-04,Electronics,North,Direct,1050.94,3,0.05,123.78
2023-04,Electronics,North,Email,2143.87,5,0.03,178.5
2023-04,Electronics,North,Organic Search,1052.75,3,0.0,190.28
2023-04,Electronics,North,Paid Ad,213.94,2,0.0,106.97
2023-04,Electronics,North,Social Media,1606.1,5,0.07,92.76
2023-04,Electronics,South,Direct,2063.1,2,0.08,279.94
2023-04,Electronics,South,Email,175.77,1,0.0,175.77
2023-04,Electronics,South,Organic Search,1022.97,4,0.05,157.47
2023-04,Electronics,South,Paid Ad,1448.57,3,0.02,149.32
2023-04,Electronics,South,Social Media,1493.04,3,0.05,265.49
2023-04,Electronics,West,Direct,177.9,1,0.0,35.58
2023-04,Electronics,West,Email,2260.58,4,0.05,221.04
2023-04,Electronics,West,Organic Search,2713.48,6,0.11,212.07
2023-04,Electronics,West,Paid Ad,1897.26,7,0.09,200.03
2023-04,Electronics,West,Social Media,1664.57,4,0.06,227.6
2023-04,Home & Kitchen,Central,Direct,116.04,1,0.0,29.01
2023-04,Home & Kitchen,Central,Email,259.42,2,0.05,120.9
2023-04,Home & Kitchen,Central,Organic Search,927.74,3,0.0,138.24
2023-04,Home & Kitchen,Central,Paid Ad,195.95,2,0.05,104.26
2023-04,Home & Kitchen,Central,Social Media,87.82,1,0.05,92.44
2023-04,Home & Kitchen,East,Email,166.3,2,0.02,54.14
2023-04,Home & Kitchen,East,Organic Search,224.61,1,0.2,140.38
2023-04,Home & Kitchen,East,Paid Ad,1130.38,3,0.02,103.38
2023-04,Home & Kitchen,East,Social Media,114.25,1,0.0,114.25
2023-04,Home & Kitchen,North,Direct,652.81,3,0.02,114.17
2023-04,Home & Kitchen,North,Email,70.56,1,0.1,39.2
2023-04,Home & Kitchen,North,Organic Search,567.76,2,0.0,141.94
2023-04,Home & Kitchen,North,Paid Ad,338.24,2,0.0,77.47
2023-04,Home & Kitchen,North,Social Media,1390.22,4,0.11,131.32
2023-04,Home & Kitchen,South,Direct,291.11,2,0.12,101.32
2023-04,Home & Kitchen,South,Email,112.63,1,0.1,62.57
2023-04,Home & Kitchen,South,Organic Search,974.91,2,0.1,144.19
2023-04,Home & Kitchen,South,Paid Ad,745.34,2,0.08,171.2
2023-04,Home & Kitchen,South,Social Media,599.04,1,0.0,199.68
2023-04,Home & Kitchen,West,Direct,426.79,3,0.05,80.67
2023-04,Home & Kitchen,West,Organic Search,95.18,2,0.05,50.1
2023-04,Home & Kitchen,West,Social Media,740.75,3,0.07,116.69
2023-05,Beauty,Central,Direct,31.49,1,0.0,31.49
2023-05,Beauty,Central,Email,108.99,1,0.1,60.55
2023-05,Beauty,Central,Organic Search,140.02,1,0.0,70.01
2023-05,Beauty,Central,Paid Ad,590.95,4,0.06,76.1
2023-05,Beauty,Central,Social Media,301.71,2,0.1,60.0
2023-05,Beauty,East,Direct,250.92,1,0.0,83.64
2023-05,Beauty,East,Organic Search,81.91,1,0.0,81.91
2023-05,Beauty,East,Paid Ad,191.9,3,0.07,54.95
2023-05,Beauty,North,Direct,69.14,2,0.02,35.62
2023-05,Beauty,North,Email,127.17,1,0.05,66.93
2023-05,Beauty,North,Paid Ad,162.66,1,0.0,81.33
2023-05,Beauty,North,Social Media,78.06,1,0.15,30.61
2023-05,Beauty,South,Direct,171.99,2,0.0,47.72
2023-05,Beauty,South,Organic Search,403.56,1,0.05,84.96
2023-05,Beauty,South,Social Media,122.14,2,0.0,34.23
2023-05,Beauty,West,Email,47.82,1,0.0,47.82
2023-05,Beauty,West,Organic Search,12.43,1,0.05,13.08
2023-05,Beauty,West,Paid Ad,154.58,1,0.1,85.88
2023-05,Books,Central,Email,149.61,3,0.08,31.15
2023-05,Books,Central,Organic Search,121.22,3,0.02,31.66
2023-05,Books,Central,Paid Ad,70.59,2,0.08,37.94
2023-05,Books,Central,Social Media,31.33,1,0.05,32.98
2023-05,Books,East,Direct,15.62,1,0.2,19.53
2023-05,Books,East,Email,62.65,1,0.05,13.19
2023-05,Books,East,Organic Search,70.39,3,0.05,24.89
2023-05,Books,East,Paid Ad,271.95,3,0.13,45.06
2023-05,Books,East,Social Media,24.56,1,0.0,12.28
2023-05,Books,North,Direct,53.53,2,0.05,23.24
2023-05,Books,North,Email,180.76,2,0.08,38.17
2023-05,Books,North,Organic Search,371.77,5,0.0,32.21
2023-05,Books,North,Paid Ad,229.46,4,0.02,33.27
2023-05,Books,South,Direct,170.71,3,0.07,39.13
2023-05,Books,South,Email,70.27,2,0.05,25.38
2023-05,Books,South,Organic Search,355.36,5,0.02,32.38
2023-05,Books,South,Paid Ad,323.0,3,0.02,31.5
2023-05,Books,West,Direct,18.63,1,0.0,18.63
2023-05,Books,West,Email,40.62,1,0.05,42.76
2023-05,Books,West,Organic Search,31.92,1,0.0,15.96
2023-05,Books,West,Paid Ad,102.4,1,0.0,51.2
2023-05,Clothing,Central,Direct,166.58,2,0.12,76.32
2023-05,Clothing,Central,Email,747.06,2,0.0,80.09
2023-05,Clothing,Central,Organic Search,544.0,5,0.02,84.44
2023-05,Clothing,Central,Paid Ad,85.78,1,0.0,85.78
2023-05,Clothing,Central,Social Media,682.31,3,0.07,107.27
2023-05,Clothing,East,Direct,366.41,2,0.0,109.88
2023-05,Clothing,East,Email,1166.01,3,0.08,150.59
2023-05,Clothing,East,Organic Search,1283.01,5,0.07,104.24
2023-05,Clothing,East,Paid Ad,1256.72,4,0.1,146.78
2023-05,Clothing,East,Social Media,643.15,6,0.07,86.25
2023-05,Clothing,North,Direct,618.39,4,0.04,98.81
2023-05,Clothing,North,Email,581.05,4,0.09,113.7
2023-05,Clothing,North,Organic Search,545.31,4,0.01,60.56
2023-05,Clothing,North,Paid Ad,1658.02,5,0.11,119.21
2023-05,Clothing,North,Social Media,102.53,1,0.1,56.96
2023-05,Clothing,South,Direct,876.35,6,0.03,128.62
2023-05,Clothing,South,Email,313.14,4,0.08,79.1
2023-05,Clothing,South,Organic Search,871.61,6,0.05,98.99
2023-05,Clothing,South,Paid Ad,1542.82,5,0.11,139.35
2023-05,Clothing,West,Direct,744.55,2,0.02,127.46
2023-05,Clothing,West,Email,530.3,4,0.0,105.13
2023-05,Clothing,West,Organic Search,193.36,2,0.0,55.56
2023-05,Clothing,West,Paid Ad,1284.62,5,0.04,78.04
2023-05,Clothing,West,Social Media,428.56,3,0.0,82.3
2023-05,Electronics,Central,Direct,762.38,4,0.1,124.72
2023-05,Electronics,Central,Email,437.95,3,0.02,71.82
2023-05,Electronics,Central,Paid Ad,860.65,2,0.05,287.69
2023-05,Electronics,Central,Social Media,102.93,1,0.0,102.93
2023-05,Electronics,East,Direct,1449.98,3,0.05,208.99
2023-05,Electronics,East,Email,2078.91,5,0.05,190.11
2023-05,Electronics,East,Organic Search,527.84,4,0.11,85.05
2023-05,Electronics,East,Paid Ad,110.38,1,0.0,55.19
2023-05,Electronics,East,Social Media,369.3,2,0.1,77.47
2023-05,Electronics,North,Direct,1918.22,3,0.0,218.61
2023-05,Electronics,North,Email,502.22,2,0.1,140.3
2023-05,Electronics,North,Organic Search,893.08,3,0.05,255.86
2023-05,Electronics,North,Paid Ad,416.26,2,0.1,219.67
2023-05,Electronics,North,Social Media,284.43,2,0.05,101.42
2023-05,Electronics,South,Direct,1027.29,3,0.03,168.95
2023-05,Electronics,South,Email,141.94,1,0.05,149.41
2023-05,Electronics,South,Organic Search,1938.36,6,0.06,157.57
2023-05,Electronics,South,Paid Ad,799.0,3,0.03,146.65
2023-05,Electronics,South,Social Media,3540.96,7,0.06,229.84
2023-05,Electronics,West,Direct,1130.51,4,0.11,166.66
2023-05,Electronics,West,Email,2571.16,3,0.1,269.55
2023-05,Electronics,West,Organic Search,2892.82,6,0.05,197.87
2023-05,Electronics,West,Paid Ad,933.96,3,0.05,212.24
2023-05,Electronics,West,Social Media,226.87,3,0.0,38.87
2023-05,Home & Kitchen,Central,Direct,305.59,2,0.1,169.77
2023-05,Home & Kitchen,Central,Email,733.07,5,0.0,146.61
2023-05,Home & Kitchen,Central,Organic Search,709.16,2,0.08,152.72
2023-05,Home & Kitchen,Central,Paid Ad,591.35,3,0.03,85.94
2023-05,Home & Kitchen,East,Direct,666.36,3,0.03,106.12
2023-05,Home & Kitchen,East,Email,215.82,3,0.02,66.7
2023-05,Home & Kitchen,East,Organic Search,210.94,2,0.05,114.38
2023-05,Home & Kitchen,East,Paid Ad,262.47,2,0.05,52.1
2023-05,Home & Kitchen,East,Social Media,509.77,2,0.08,103.34
2023-05,Home & Kitchen,North,Direct,1068.56,4,0.02,159.69
2023-05,Home & Kitchen,North,Email,1326.49,5,0.04,100.65
2023-05,Home & Kitchen,North,Organic Search,167.28,1,0.0,167.28
2023-05,Home & Kitchen,North,Paid Ad,861.47,4,0.02,91.39
2023-05,Home & Kitchen,North,Social Media,1223.5,4,0.01,100.46
2023-05,Home & Kitchen,South,Direct,197.63,1,0.05,208.03
2023-05,Home & Kitchen,South,Email,737.06,3,0.08,196.66
2023-05,Home & Kitchen,South,Organic Search,123.15,1,0.15,36.22
2023-05,Home & Kitchen,South,Social Media,735.04,5,0.07,121.27
2023-05,Home & Kitchen,West,Direct,995.41,2,0.05,130.98
2023-05,Home & Kitchen,West,Organic Search,1504.52,6,0.03,100.72
2023-05,Home & Kitchen,West,Paid Ad,234.8,2,0.02,74.61
2023-05,Home & Kitchen,West,Social Media,402.28,3,0.07,77.37
2023-06,Beauty,Central,Direct,80.08,1,0.0,80.08
2023-06,Beauty,Central,Email,111.64,2,0.0,29.16
2023-06,Beauty,Central,Organic Search,215.11,3,0.03,56.18
2023-06,Beauty,Central,Paid Ad,371.26,3,0.0,66.26
2023-06,Beauty,Central,Social Media,91.7,1,0.0,45.85
2023-06,Beauty,East,Direct,19.63,1,0.0,19.63
2023-06,Beauty,East,Paid Ad,563.22,4,0.02,57.3
2023-06,Beauty,North,Direct,147.51,1,0.0,49.17
2023-06,Beauty,North,Email,97.76,2,0.05,40.51
2023-06,Beauty,North,Organic Search,66.17,1,0.0,66.17
2023-06,Beauty,North,Paid Ad,560.75,4,0.05,70.78
2023-06,Beauty,North,Social Media,181.92,1,0.0,45.48
2023-06,Beauty,South,Direct,182.86,1,0.2,76.19
2023-06,Beauty,South,Organic Search,187.48,2,0.1,72.48
2023-06,Beauty,South,Paid Ad,115.44,2,0.05,41.71
2023-06,Beauty,South,Social Media,265.38,1,0.0,88.46
2023-06,Beauty,West,Direct,124.12,1,0.0,62.06
2023-06,Beauty,West,Email,36.14,1,0.05,38.04
2023-06,Beauty,West,Organic Search,80.63,1,0.0,80.63
2023-06,Beauty,West,Paid Ad,62.69,1,0.1,69.66
2023-06,Beauty,West,Social Media,593.46,3,0.08,51.15
2023-06,Books,Central,Direct,117.08,3,0.08,31.98
2023-06,Books,Central,Email,125.26,3,0.05,34.65
2023-06,Books,Central,Organic Search,78.91,1,0.2,32.88
2023-06,Books,Central,Social Media,95.4,1,0.0,31.8
2023-06,Books,East,Direct,178.4,2,0.05,29.76
2023-06,Books,East,Email,117.68,3,0.12,26.0
2023-06,Books,East,Organic Search,33.6,1,0.0,33.6
2023-06,Books,East,Paid Ad,186.44,3,0.05,48.67
2023-06,Books,East,Social Media,49.53,1,0.0,49.53
2023-06,Books,North,Direct,83.54,2,0.0,41.77
2023-06,Books,North,Organic Search,220.07,3,0.0,45.86
2023-06,Books,North,Paid Ad,126.48,3,0.07,33.92
2023-06,Books,South,Direct,115.83,2,0.08,20.2
2023-06,Books,South,Email,58.98,1,0.05,31.04
2023-06,Books,South,Organic Search,239.2,5,0.07,35.39
2023-06,Books,South,Paid Ad,91.69,3,0.0,17.09
2023-06,Books,South,Social Media,350.19,4,0.02,32.21
2023-06,Books,West,Direct,129.22,2,0.05,30.59
2023-06,Books,West,Email,364.94,5,0.04,29.41
2023-06,Books,West,Organic Search,282.96,3,0.07,39.33
2023-06,Books,West,Paid Ad,123.15,2,0.08,23.26
2023-06,Books,West,Social Media,273.13,3,0.07,39.65
2023-06,Clothing,Central,Direct,180.49,2,0.0,34.76
2023-06,Clothing,Central,Email,1101.35,8,0.01,99.16
2023-06,Clothing,Central,Organic Search,1252.85,6,0.03,117.02
2023-06,Clothing,Central,Paid Ad,108.04,2,0.08,25.51
2023-06,Clothing,Central,Social Media,589.21,4,0.02,80.24
2023-06,Clothing,East,Direct,289.35,2,0.0,116.24
2023-06,Clothing,East,Email,283.7,2,0.08,87.68
2023-06,Clothing,East,Organic Search,319.55,3,0.03,94.1
2023-06,Clothing,East,Paid Ad,512.65,5,0.07,90.03
2023-06,Clothing,East,Social Media,1618.53,8,0.08,104.04
2023-06,Clothing,North,Direct,1494.93,7,0.08,119.47
2023-06,Clothing,North,Email,281.8,2,0.05,93.76
2023-06,Clothing,North,Organic Search,478.11,4,0.0,97.14
2023-06,Clothing,North,Paid Ad,254.38,2,0.05,136.1
2023-06,Clothing,North,Social Media,64.82,1,0.0,32.41
2023-06,Clothing,South,Direct,329.9,4,0.01,83.1
2023-06,Clothing,South,Email,1026.09,5,0.05,121.25
2023-06,Clothing,South,Organic Search,367.03,4,0.09,99.46
2023-06,Clothing,South,Paid Ad,439.4,3,0.03,150.81
2023-06,Clothing,South,Social Media,537.04,6,0.03,66.42
2023-06,Clothing,West,Direct,514.57,2,0.05,85.12
2023-06,Clothing,West,Email,355.59,2,0.1,68.66
2023-06,Clothing,West,Organic Search,1349.42,5,0.04,120.8
2023-06,Clothing,West,Paid Ad,712.56,4,0.01,104.11
2023-06,Clothing,West,Social Media,827.51,4,0.01,94.61
2023-06,Electronics,Central,Direct,988.38,5,0.06,139.14
2023-06,Electronics,Central,Email,1310.69,5,0.05,204.05
2023-06,Electronics,Central,Organic Search,1299.9,3,0.03,160.96
2023-06,Electronics,Central,Paid Ad,676.25,2,0.0,194.42
2023-06,Electronics,Central,Social Media,1694.7,2,0.05,178.39
2023-06,Electronics,East,Direct,973.63,9,0.11,105.65
2023-06,Electronics,East,Email,825.71,3,0.08,248.57
2023-06,Electronics,East,Organic Search,896.86,3,0.08,88.01
2023-06,Electronics,East,Paid Ad,2947.36,9,0.07,218.52
2023-06,Electronics,East,Social Media,866.64,4,0.02,171.82
2023-06,Electronics,North,Direct,2831.66,7,0.05,150.69
2023-06,Electronics,North,Email,2087.35,6,0.08,155.47
2023-06,Electronics,North,Organic Search,965.75,9,0.02,88.07
2023-06,Electronics,North,Paid Ad,300.08,2,0.18,185.92
2023-06,Electronics,North,Social Media,704.65,1,0.0,140.93
2023-06,Electronics,South,Direct,933.79,4,0.08,172.24
2023-06,Electronics,South,Email,1089.29,5,0.03,148.74
2023-06,Electronics,South,Organic Search,1276.31,4,0.06,259.0
2023-06,Electronics,South,Paid Ad,852.41,1,0.1,236.78
2023-06,Electronics,South,Social Media,2747.59,6,0.07,201.78
2023-06,Electronics,West,Direct,1426.63,4,0.01,161.65
2023-06,Electronics,West,Email,1817.23,6,0.02,158.8
2023-06,Electronics,West,Organic Search,405.09,2,0.02,148.26
2023-06,Electronics,West,Paid Ad,1783.13,4,0.04,196.87
2023-06,Electronics,West,Social Media,2992.52,5,0.04,212.27
2023-06,Home & Kitchen,Central,Direct,1086.62,4,0.05,119.66
2023-06,Home & Kitchen,Central,Email,655.23,4,0.09,116.12
2023-06,Home & Kitchen,Central,Organic Search,1136.85,4,0.0,127.58
2023-06,Home & Kitchen,Central,Paid Ad,950.12,8,0.04,90.57
2023-06,Home & Kitchen,Central,Social Media,528.87,4,0.02,84.22
2023-06,Home & Kitchen,East,Direct,447.02,4,0.01,109.29
2023-06,Home & Kitchen,East,Email,459.02,3,0.05,77.7
2023-06,Home & Kitchen,East,Organic Search,801.46,2,0.08,110.36
2023-06,Home & Kitchen,East,Paid Ad,225.64,2,0.0,112.82
2023-06,Home & Kitchen,East,Social Media,678.89,4,0.08,117.6
2023-06,Home & Kitchen,North,Direct,356.86,3,0.03,93.84
2023-06,Home & Kitchen,North,Email,121.64,1,0.0,60.82
2023-06,Home & Kitchen,North,Organic Search,1230.3,4,0.08,79.84
2023-06,Home & Kitchen,North,Paid Ad,402.12,4,0.05,85.99
2023-06,Home & Kitchen,North,Social Media,1120.64,4,0.06,132.14
2023-06,Home & Kitchen,South,Direct,161.06,2,0.05,86.71
2023-06,Home & Kitchen,South,Email,709.43,3,0.02,112.0
2023-06,Home & Kitchen,South,Organic Search,426.56,2,0.12,103.05
2023-06,Home & Kitchen,South,Paid Ad,202.22,2,0.02,101.62
2023-06,Home & Kitchen,South,Social Media,621.63,3,0.05,169.68
2023-06,Home & Kitchen,West,Direct,550.16,2,0.02,120.42
2023-06,Home & Kitchen,West,Organic Search,1292.32,4,0.06,117.05
2023-06,Home & Kitchen,West,Social Media,1170.75,4,0.08,169.56
2023-07,Beauty,Central,Direct,343.55,3,0.03,45.85
2023-07,Beauty,Central,Organic Search,127.44,3,0.1,23.39
2023-07,Beauty,Central,Paid Ad,352.16,3,0.02,65.72
2023-07,Beauty,Central,Social Media,223.88,3,0.02,55.85
2023-07,Beauty,East,Direct,361.85,6,0.06,51.96
2023-07,Beauty,East,Email,249.5,3,0.1,62.41
2023-07,Beauty,East,Organic Search,118.64,3,0.02,31.94
2023-07,Beauty,East,Paid Ad,211.02,2,0.1,54.62
2023-07,Beauty,East,Social Media,80.21,1,0.05,84.43
2023-07,Beauty,North,Direct,55.62,2,0.02,29.08
2023-07,Beauty,North,Email,218.13,3,0.0,44.11
2023-07,Beauty,North,Organic Search,139.53,2,0.08,74.92
2023-07,Beauty,North,Paid Ad,482.56,4,0.02,44.71
2023-07,Beauty,South,Email,10.42,1,0.15,12.26
2023-07,Beauty,South,Paid Ad,251.67,4,0.09,47.17
2023-07,Beauty,South,Social Media,121.71,2,0.02,62.83
2023-07,Beauty,West,Direct,256.17,1,0.05,53.93
2023-07,Beauty,West,Email,89.37,1,0.0,89.37
2023-07,Beauty,West,Paid Ad,7.98,1,0.05,8.4
2023-07,Beauty,West,Social Media,56.83,2,0.18,34.66
2023-07,Books,Central,Direct,301.98,6,0.04,35.02
2023-07,Books,Central,Email,43.48,1,0.0,21.74
2023-07,Books,Central,Organic Search,98.01,3,0.07,19.15
2023-07,Books,Central,Paid Ad,241.19,3,0.1,38.16
2023-07,Books,Central,Social Media,24.4,1,0.0,12.2
2023-07,Books,East,Direct,194.27,4,0.06,32.84
2023-07,Books,East,Email,21.02,1,0.15,24.73
2023-07,Books,East,Organic Search,27.3,1,0.0,27.3
2023-07,Books,East,Paid Ad,81.8,2,0.0,32.82
2023-07,Books,East,Social Media,412.31,4,0.04,36.07
2023-07,Books,North,Direct,147.6,1,0.05,51.79
2023-07,Books,North,Email,114.34,3,0.05,32.88
2023-07,Books,North,Organic Search,35.45,1,0.15,41.7
2023-07,Books,North,Paid Ad,81.89,2,0.08,29.24
2023-07,Books,South,Direct,138.16,2,0.08,36.61
2023-07,Books,South,Email,382.79,5,0.05,36.1
2023-07,Books,South,Organic Search,89.51,3,0.1,15.38
2023-07,Books,South,Paid Ad,174.46,5,0.05,27.77
2023-07,Books,South,Social Media,157.32,2,0.0,28.18
2023-07,Books,West,Direct,59.46,3,0.08,22.19
2023-07,Books,West,Email,220.93,5,0.03,28.03
2023-07,Books,West,Organic Search,162.4,1,0.1,45.11
2023-07,Books,West,Paid Ad,480.46,6,0.03,43.49
2023-07,Books,West,Social Media,59.44,2,0.08,31.42
2023-07,Clothing,Central,Direct,1469.51,9,0.06,89.9
2023-07,Clothing,Central,Email,598.76,2,0.1,76.89
2023-07,Clothing,Central,Organic Search,1296.39,6,0.01,113.4
2023-07,Clothing,Central,Paid Ad,1643.26,10,0.04,110.93
2023-07,Clothing,Central,Social Media,1105.84,5,0.04,76.98
2023-07,Clothing,East,Direct,481.36,5,0.13,78.77
2023-07,Clothing,East,Email,757.13,3,0.08,168.76
2023-07,Clothing,East,Organic Search,621.6,2,0.1,163.22
2023-07,Clothing,East,Paid Ad,651.39,3,0.02,101.42
2023-07,Clothing,East,Social Media,1395.89,7,0.05,117.92
2023-07,Clothing,North,Direct,1099.58,4,0.08,105.6
2023-07,Clothing,North,Email,336.37,2,0.12,95.47
2023-07,Clothing,North,Organic Search,486.65,3,0.07,87.71
2023-07,Clothing,North,Paid Ad,1075.49,7,0.06,89.44
2023-07,Clothing,North,Social Media,500.06,6,0.01,68.8
2023-07,Clothing,South,Direct,545.62,4,0.0,105.65
2023-07,Clothing,South,Email,1091.99,8,0.06,87.72
2023-07,Clothing,South,Organic Search,358.11,4,0.02,63.87
2023-07,Clothing,South,Paid Ad,1140.0,6,0.07,81.17
2023-07,Clothing,South,Social Media,174.84,2,0.08,60.63
2023-07,Clothing,West,Direct,437.79,2,0.0,58.12
2023-07,Clothing,West,Email,801.75,7,0.04,72.77
2023-07,Clothing,West,Organic Search,174.62,1,0.0,87.31
2023-07,Clothing,West,Paid Ad,50.8,1,0.15,59.76
2023-07,Clothing,West,Social Media,372.98,2,0.0,104.47
2023-07,Electronics,Central,Direct,514.58,4,0.04,140.5
2023-07,Electronics,Central,Email,1812.07,5,0.02,164.67
2023-07,Electronics,Central,Organic Search,936.64,5,0.08,171.6
2023-07,Electronics,Central,Paid Ad,800.82,5,0.07,146.34
2023-07,Electronics,Central,Social Media,871.88,4,0.08,158.82
2023-07,Electronics,East,Direct,2047.54,6,0.04,225.88
2023-07,Electronics,East,Email,1120.22,5,0.05,110.0
2023-07,Electronics,East,Organic Search,1382.94,2,0.05,293.15
2023-07,Electronics,East,Paid Ad,1412.34,5,0.11,260.84
2023-07,Electronics,East,Social Media,483.07,4,0.06,115.44
2023-07,Electronics,North,Direct,1119.21,4,0.05,172.11
2023-07,Electronics,North,Email,547.01,3,0.03,188.49
2023-07,Electronics,North,Organic Search,706.02,3,0.03,177.75
2023-07,Electronics,North,Paid Ad,688.23,5,0.06,135.04
2023-07,Electronics,North,Social Media,2620.93,6,0.07,223.35
2023-07,Electronics,South,Direct,1844.2,4,0.04,175.61
2023-07,Electronics,South,Email,1647.04,6,0.06,165.29
2023-07,Electronics,South,Organic Search,2306.17,7,0.02,218.43
2023-07,Electronics,South,Paid Ad,426.16,2,0.1,120.56
2023-07,Electronics,South,Social Media,2472.87,3,0.02,197.34
2023-07,Electronics,West,Direct,330.73,2,0.0,165.36
2023-07,Electronics,West,Email,1371.79,4,0.09,155.86
2023-07,Electronics,West,Organic Search,769.19,4,0.1,156.38
2023-07,Electronics,West,Paid Ad,2384.55,6,0.08,152.08
2023-07,Electronics,West,Social Media,1025.85,3,0.07,273.96
2023-07,Home & Kitchen,Central,Direct,966.55,3,0.07,107.72
2023-07,Home & Kitchen,Central,Email,430.22,4,0.06,58.15
2023-07,Home & Kitchen,Central,Organic Search,886.28,6,0.05,98.88
2023-07,Home & Kitchen,Central,Paid Ad,1218.0,5,0.07,83.97
2023-07,Home & Kitchen,Central,Social Media,880.0,5,0.01,88.81
2023-07,Home & Kitchen,East,Direct,1383.71,4,0.06,143.95
2023-07,Home & Kitchen,East,Email,654.74,5,0.01,98.18
2023-07,Home & Kitchen,East,Organic Search,334.27,3,0.07,115.87
2023-07,Home & Kitchen,East,Paid Ad,1327.38,3,0.08,149.04
2023-07,Home & Kitchen,East,Social Media,208.3,2,0.12,115.88
2023-07,Home & Kitchen,North,Direct,113.18,1,0.15,133.15
2023-07,Home & Kitchen,North,Email,1268.36,4,0.08,123.12
2023-07,Home & Kitchen,North,Organic Search,29.68,1,0.0,14.84
2023-07,Home & Kitchen,North,Paid Ad,1292.2,6,0.06,125.64
2023-07,Home & Kitchen,North,Social Media,1164.18,4,0.01,190.38
2023-07,Home & Kitchen,South,Direct,735.85,2,0.12,163.05
2023-07,Home & Kitchen,South,Email,462.78,2,0.0,89.88
2023-07,Home & Kitchen,South,Organic Search,391.19,2,0.0,148.82
2023-07,Home & Kitchen,South,Paid Ad,950.12,3,0.07,122.07
2023-07,Home & Kitchen,South,Social Media,702.95,5,0.07,99.55
2023-07,Home & Kitchen,West,Direct,1297.13,3,0.03,110.96
2023-07,Home & Kitchen,West,Email,1103.57,5,0.06,122.67
2023-07,Home & Kitchen,West,Organic Search,391.39,2,0.08,86.88
2023-07,Home & Kitchen,West,Paid Ad,26.64,1,0.05,28.04
2023-07,Home & Kitchen,West,Social Media,2476.26,8,0.04,110.5
2023-08,Beauty,Central,Direct,103.14,1,0.0,51.57
2023-08,Beauty,Central,Email,285.28,1,0.0,71.32
2023-08,Beauty,Central,Organic Search,149.61,2,0.02,76.6
2023-08,Beauty,Central,Paid Ad,219.07,4,0.09,31.19
2023-08,Beauty,Central,Social Media,367.93,4,0.01,30.67
2023-08,Beauty,East,Direct,205.8,3,0.07,46.31
2023-08,Beauty,East,Email,203.72,2,0.12,29.5
2023-08,Beauty,East,Organic Search,512.1,4,0.05,48.6
2023-08,Beauty,East,Paid Ad,52.33,1,0.15,61.56
2023-08,Beauty,East,Social Media,289.98,3,0.05,49.15
2023-08,Beauty,North,Direct,63.78,1,0.0,63.78
2023-08,Beauty,North,Email,168.74,2,0.02,21.49
2023-08,Beauty,North,Organic Search,451.41,3,0.08,39.76
2023-08,Beauty,North,Social Media,214.96,2,0.08,71.35
2023-08,Beauty,South,Direct,531.51,4,0.02,49.89
2023-08,Beauty,South,Email,131.97,1,0.05,34.73
2023-08,Beauty,South,Organic Search,432.82,3,0.05,64.66
2023-08,Beauty,South,Paid Ad,483.7,3,0.0,61.93
2023-08,Beauty,South,Social Media,307.98,2,0.05,80.58
2023-08,Beauty,West,Direct,86.67,1,0.0,86.67
2023-08,Beauty,West,Email,57.27,1,0.15,67.38
2023-08,Beauty,West,Organic Search,237.15,2,0.05,44.06
2023-08,Beauty,West,Paid Ad,149.82,3,0.03,52.1
2023-08,Beauty,West,Social Media,163.69,2,0.02,53.03
2023-08,Books,Central,Direct,235.94,4,0.06,34.95
2023-08,Books,Central,Email,319.38,3,0.05,45.29
2023-08,Books,Central,Organic Search,25.7,1,0.15,30.24
2023-08,Books,Central,Paid Ad,248.02,3,0.08,35.26
2023-08,Books,Central,Social Media,39.96,2,0.05,21.03
2023-08,Books,East,Direct,308.63,6,0.06,28.25
2023-08,Books,East,Email,136.81,3,0.05,32.68
2023-08,Books,East,Organic Search,246.49,4,0.04,36.57
2023-08,Books,East,Paid Ad,258.61,4,0.04,33.62
2023-08,Books,East,Social Media,238.53,2,0.02,46.54
2023-08,Books,North,Direct,170.84,3,0.12,34.01
2023-08,Books,North,Email,200.85,3,0.03,30.31
2023-08,Books,North,Organic Search,58.92,3,0.08,16.84
2023-08,Books,North,Paid Ad,89.74,2,0.0,44.87
2023-08,Books,North,Social Media,162.54,2,0.1,40.3
2023-08,Books,South,Direct,155.61,4,0.08,20.89
2023-08,Books,South,Email,155.91,2,0.08,26.8
2023-08,Books,South,Organic Search,82.99,2,0.0,26.32
2023-08,Books,South,Paid Ad,83.86,2,0.08,30.62
2023-08,Books,South,Social Media,300.08,5,0.07,38.41
2023-08,Books,West,Direct,106.6,2,0.0,39.32
2023-08,Books,West,Email,51.93,2,0.1,28.85
2023-08,Books,West,Organic Search,141.14,2,0.08,33.34
2023-08,Books,West,Paid Ad,102.92,1,0.0,51.46
2023-08,Books,West,Social Media,61.33,2,0.08,10.62
2023-08,Clothing,Central,Direct,2227.63,7,0.07,119.14
2023-08,Clothing,Central,Email,290.39,3,0.12,80.66
2023-08,Clothing,Central,Organic Search,1193.41,5,0.07,117.64
2023-08,Clothing,Central,Paid Ad,329.07,3,0.12,44.83
2023-08,Clothing,Central,Social Media,655.55,5,0.06,111.41
2023-08,Clothing,East,Direct,1260.45,8,0.05,91.92
2023-08,Clothing,East,Email,1073.23,5,0.03,65.51
2023-08,Clothing,East,Organic Search,757.63,7,0.06,114.42
2023-08,Clothing,East,Paid Ad,1174.48,4,0.06,124.57
2023-08,Clothing,East,Social Media,720.82,4,0.1,84.27
2023-08,Clothing,North,Direct,297.97,3,0.1,112.36
2023-08,Clothing,North,Email,1911.71,6,0.03,124.95
2023-08,Clothing,North,Organic Search,184.25,3,0.07,41.47
2023-08,Clothing,North,Paid Ad,778.27,6,0.03,84.82
2023-08,Clothing,North,Social Media,529.36,4,0.02,79.18
2023-08,Clothing,South,Direct,685.87,5,0.05,98.74
2023-08,Clothing,South,Email,801.97,3,0.03,121.07
2023-08,Clothing,South,Organic Search,1136.32,9,0.08,84.27
2023-08,Clothing,South,Paid Ad,187.63,3,0.07,61.3
2023-08,Clothing,South,Social Media,1341.58,6,0.06,125.14
2023-08,Clothing,West,Direct,765.86,5,0.04,90.27
2023-08,Clothing,West,Email,721.36,2,0.05,91.14
2023-08,Clothing,West,Organic Search,108.45,1,0.1,120.5
2023-08,Clothing,West,Paid Ad,511.71,3,0.03,76.42
2023-08,Clothing,West,Social Media,380.38,3,0.0,126.79
2023-08,Electronics,Central,Direct,2042.26,6,0.07,250.76
2023-08,Electronics,Central,Email,27.22,1,0.0,27.22
2023-08,Electronics,Central,Organic Search,487.77,3,0.05,158.8
2023-08,Electronics,Central,Paid Ad,3834.41,7,0.06,175.7
2023-08,Electronics,Central,Social Media,4415.72,8,0.06,230.58
2023-08,Electronics,East,Direct,918.22,2,0.08,132.61
2023-08,Electronics,East,Email,3004.76,11,0.01,174.62
2023-08,Electronics,East,Organic Search,882.12,8,0.08,111.91
2023-08,Electronics,East,Paid Ad,646.3,3,0.07,101.62
2023-08,Electronics,East,Social Media,1376.16,4,0.06,285.06
2023-08,Electronics,North,Direct,4782.72,10,0.06,216.2
2023-08,Electronics,North,Email,2655.18,7,0.1,185.57
2023-08,Electronics,North,Organic Search,1724.82,6,0.01,137.7
2023-08,Electronics,North,Paid Ad,1806.47,3,0.03,246.18
2023-08,Electronics,North,Social Media,265.56,2,0.08,140.51
2023-08,Electronics,South,Direct,1894.44,5,0.09,175.27
2023-08,Electronics,South,Email,1748.71,7,0.07,159.64
2023-08,Electronics,South,Organic Search,1240.8,5,0.08,145.81
2023-08,Electronics,South,Paid Ad,645.04,3,0.08,191.57
2023-08,Electronics,South,Social Media,1664.17,5,0.05,166.95
2023-08,Electronics,West,Direct,1460.63,8,0.06,141.43
2023-08,Electronics,West,Email,2074.04,7,0.03,136.39
2023-08,Electronics,West,Organic Search,2314.26,4,0.02,254.78
2023-08,Electronics,West,Paid Ad,384.31,2,0.08,150.22
2023-08,Electronics,West,Social Media,3819.69,8,0.08,197.61
2023-08,Home & Kitchen,Central,Direct,1095.17,4,0.01,124.37
2023-08,Home & Kitchen,Central,Email,1064.15,6,0.07,97.78
2023-08,Home & Kitchen,Central,Organic Search,497.93,4,0.1,72.74
2023-08,Home & Kitchen,Central,Paid Ad,730.83,4,0.0,93.78
2023-08,Home & Kitchen,Central,Social Media,154.29,2,0.05,44.62
2023-08,Home & Kitchen,East,Direct,1142.9,6,0.06,104.43
2023-08,Home & Kitchen,East,Email,437.49,4,0.06,85.08
2023-08,Home & Kitchen,East,Organic Search,1477.78,6,0.04,109.17
2023-08,Home & Kitchen,East,Paid Ad,639.08,6,0.08,96.36
2023-08,Home & Kitchen,East,Social Media,162.9,2,0.02,74.0
2023-08,Home & Kitchen,North,Direct,916.07,6,0.01,100.13
2023-08,Home & Kitchen,North,Email,1468.45,4,0.06,155.02
2023-08,Home & Kitchen,North,Organic Search,921.68,6,0.05,98.01
2023-08,Home & Kitchen,North,Paid Ad,574.59,3,0.03,125.38
2023-08,Home & Kitchen,North,Social Media,469.89,4,0.09,131.85
2023-08,Home & Kitchen,South,Direct,462.27,3,0.07,65.23
2023-08,Home & Kitchen,South,Email,809.86,4,0.09,154.51
2023-08,Home & Kitchen,South,Organic Search,651.72,5,0.0,106.06
2023-08,Home & Kitchen,South,Paid Ad,1388.37,8,0.09,78.53
2023-08,Home & Kitchen,South,Social Media,684.72,5,0.11,150.28
2023-08,Home & Kitchen,West,Direct,1041.44,2,0.08,143.52
2023-08,Home & Kitchen,West,Email,1187.74,5,0.01,138.48
2023-08,Home & Kitchen,West,Organic Search,1634.42,5,0.06,174.93
2023-08,Home & Kitchen,West,Paid Ad,1695.24,6,0.06,101.78
2023-08,Home & Kitchen,West,Social Media,1092.84,5,0.0,111.47
2023-09,Beauty,Central,Direct,58.62,1,0.0,58.62
2023-09,Beauty,Central,Email,43.14,2,0.08,16.14
2023-09,Beauty,Central,Organic Search,294.17,3,0.07,39.72
2023-09,Beauty,Central,Paid Ad,40.38,1,0.0,40.38
2023-09,Beauty,East,Direct,84.75,1,0.05,89.21
2023-09,Beauty,East,Email,31.77,1,0.0,31.77
2023-09,Beauty,East,Organic Search,362.7,4,0.04,50.18
2023-09,Beauty,East,Paid Ad,29.53,2,0.05,15.84
2023-09,Beauty,East,Social Media,74.23,2,0.1,40.7
2023-09,Beauty,North,Direct,175.99,2,0.1,48.88
2023-09,Beauty,North,Email,87.72,2,0.05,46.18
2023-09,Beauty,North,Organic Search,110.0,1,0.0,27.5
2023-09,Beauty,North,Paid Ad,198.1,2,0.0,58.62
2023-09,Beauty,North,Social Media,17.2,1,0.1,19.11
2023-09,Beauty,South,Direct,183.74,2,0.1,55.2
2023-09,Beauty,South,Email,24.98,1,0.1,27.76
2023-09,Beauty,South,Organic Search,131.05,3,0.03,33.43
2023-09,Beauty,South,Social Media,95.77,2,0.15,39.4
2023-09,Beauty,West,Direct,389.9,1,0.0,77.98
2023-09,Beauty,West,Email,288.18,2,0.02,54.86
2023-09,Beauty,West,Organic Search,224.14,2,0.08,45.68
2023-09,Beauty,West,Paid Ad,245.64,1,0.05,86.19
2023-09,Beauty,West,Social Media,76.19,1,0.15,44.82
2023-09,Books,Central,Direct,35.61,1,0.15,41.89
2023-09,Books,Central,Email,71.74,1,0.0,35.87
2023-09,Books,Central,Organic Search,214.72,1,0.0,53.68
2023-09,Books,Central,Paid Ad,17.05,1,0.0,17.05
2023-09,Books,Central,Social Media,31.45,1,0.05,33.11
2023-09,Books,East,Direct,215.56,4,0.09,28.39
2023-09,Books,East,Email,278.51,4,0.05,34.63
2023-09,Books,East,Organic Search,215.53,3,0.03,40.85
2023-09,Books,East,Paid Ad,31.3,2,0.02,16.02
2023-09,Books,North,Direct,197.63,2,0.05,28.61
2023-09,Books,North,Email,250.93,4,0.08,36.1
2023-09,Books,North,Organic Search,115.68,4,0.06,30.35
2023-09,Books,North,Paid Ad,41.81,1,0.0,41.81
2023-09,Books,North,Social Media,175.85,2,0.02,37.54
2023-09,Books,South,Direct,268.33,4,0.02,29.34
2023-09,Books,South,Email,167.37,5,0.05,23.96
2023-09,Books,South,Organic Search,46.67,1,0.1,25.93
2023-09,Books,South,Paid Ad,47.51,2,0.0,23.76
2023-09,Books,South,Social Media,31.3,1,0.05,32.95
2023-09,Books,West,Direct,28.45,2,0.08,15.51
2023-09,Books,West,Organic Search,17.55,1,0.0,17.55
2023-09,Books,West,Paid Ad,31.7,1,0.15,37.29
2023-09,Books,West,Social Media,95.9,2,0.05,34.88
2023-09,Clothing,Central,Direct,605.27,3,0.03,86.43
2023-09,Clothing,Central,Email,182.16,1,0.15,107.15
2023-09,Clothing,Central,Organic Search,116.2,1,0.05,122.32
2023-09,Clothing,Central,Paid Ad,1247.02,5,0.06,132.81
2023-09,Clothing,Central,Social Media,337.49,2,0.0,65.36
2023-09,Clothing,East,Direct,423.21,3,0.03,96.02
2023-09,Clothing,East,Email,990.71,6,0.03,123.81
2023-09,Clothing,East,Organic Search,596.01,5,0.05,77.12
2023-09,Clothing,East,Paid Ad,826.46,7,0.06,63.59
2023-09,Clothing,East,Social Media,499.02,3,0.02,112.28
2023-09,Clothing,North,Direct,951.47,3,0.05,124.98
2023-09,Clothing,North,Email,671.63,6,0.07,84.91
2023-09,Clothing,North,Organic Search,356.23,3,0.05,98.25
2023-09,Clothing,North,Paid Ad,549.41,3,0.1,110.98
2023-09,Clothing,North,Social Media,439.42,2,0.02,140.58
2023-09,Clothing,South,Direct,313.04,2,0.08,110.46
2023-09,Clothing,South,Email,127.11,1,0.0,42.37
2023-09,Clothing,South,Organic Search,845.89,4,0.01,103.59
2023-09,Clothing,South,Paid Ad,1098.52,5,0.08,97.32
2023-09,Clothing,West,Direct,38.11,1,0.05,40.12
2023-09,Clothing,West,Email,62.01,2,0.18,37.38
2023-09,Clothing,West,Organic Search,638.3,7,0.05,77.62
2023-09,Clothing,West,Paid Ad,1481.12,5,0.03,100.29
2023-09,Clothing,West,Social Media,1060.33,5,0.03,80.87
2023-09,Electronics,Central,Direct,1411.29,7,0.02,151.39
2023-09,Electronics,Central,Email,931.47,4,0.04,243.74
2023-09,Electronics,Central,Organic Search,649.38,3,0.03,113.7
2023-09,Electronics,Central,Paid Ad,942.11,5,0.04,157.56
2023-09,Electronics,Central,Social Media,981.52,4,0.05,135.98
2023-09,Electronics,East,Direct,1462.36,7,0.03,125.3
2023-09,Electronics,East,Email,757.22,4,0.02,111.65
2023-09,Electronics,East,Organic Search,551.68,4,0.04,100.93
2023-09,Electronics,East,Paid Ad,1968.01,6,0.04,247.02
2023-09,Electronics,East,Social Media,1949.52,6,0.04,185.96
2023-09,Electronics,North,Direct,1103.47,5,0.04,129.48
2023-09,Electronics,North,Email,1616.92,5,0.04,204.34
2023-09,Electronics,North,Organic Search,783.96,2,0.18,170.54
2023-09,Electronics,North,Paid Ad,2097.81,6,0.07,202.99
2023-09,Electronics,North,Social Media,1320.05,4,0.01,103.61
2023-09,Electronics,South,Direct,803.41,4,0.04,153.46
2023-09,Electronics,South,Email,1456.96,5,0.03,126.46
2023-09,Electronics,South,Organic Search,158.99,1,0.05,83.68
2023-09,Electronics,South,Paid Ad,516.12,4,0.04,134.18
2023-09,Electronics,South,Social Media,649.36,3,0.08,178.48
2023-09,Electronics,West,Email,580.45,3,0.08,108.14
2023-09,Electronics,West,Organic Search,2363.18,6,0.01,189.98
2023-09,Electronics,West,Paid Ad,492.1,1,0.0,246.05
2023-09,Electronics,West,Social Media,1826.76,6,0.08,179.59
2023-09,Home & Kitchen,Central,Direct,998.92,6,0.11,133.54
2023-09,Home & Kitchen,Central,Email,190.53,1,0.0,190.53
2023-09,Home & Kitchen,Central,Organic Search,711.17,3,0.03,127.12
2023-09,Home & Kitchen,Central,Paid Ad,265.19,3,0.05,95.26
2023-09,Home & Kitchen,Central,Social Media,1178.91,4,0.06,135.65
2023-09,Home & Kitchen,East,Direct,884.67,4,0.0,142.99
2023-09,Home & Kitchen,East,Email,667.52,3,0.03,97.49
2023-09,Home & Kitchen,East,Organic Search,161.7,1,0.05,170.21
2023-09,Home & Kitchen,East,Paid Ad,302.41,3,0.03,89.34
2023-09,Home & Kitchen,East,Social Media,1473.5,6,0.08,97.52
2023-09,Home & Kitchen,North,Direct,1300.77,6,0.07,149.45
2023-09,Home & Kitchen,North,Email,187.99,1,0.0,187.99
2023-09,Home & Kitchen,North,Organic Search,45.58,1,0.05,23.99
2023-09,Home & Kitchen,North,Paid Ad,175.22,2,0.05,92.22
2023-09,Home & Kitchen,North,Social Media,629.48,4,0.05,108.42
2023-09,Home & Kitchen,South,Direct,759.59,5,0.06,110.8
2023-09,Home & Kitchen,South,Email,640.4,6,0.02,108.84
2023-09,Home & Kitchen,South,Organic Search,1642.79,4,0.05,179.63
2023-09,Home & Kitchen,South,Paid Ad,495.56,3,0.03,96.33
2023-09,Home & Kitchen,West,Direct,336.58,2,0.0,122.54
2023-09,Home & Kitchen,West,Email,687.65,5,0.07,120.37
2023-09,Home & Kitchen,West,Organic Search,935.06,4,0.02,86.64
2023-09,Home & Kitchen,West,Paid Ad,353.6,2,0.05,135.96
2023-09,Home & Kitchen,West,Social Media,1174.66,4,0.06,113.12
2023-10,Beauty,Central,Direct,88.74,2,0.08,34.9
2023-10,Beauty,Central,Email,153.04,1,0.05,80.55
2023-10,Beauty,East,Email,18.2,1,0.0,18.2
2023-10,Beauty,East,Organic Search,54.34,1,0.0,54.34
2023-10,Beauty,East,Paid Ad,385.72,3,0.05,48.34
2023-10,Beauty,North,Direct,50.22,2,0.05,26.08
2023-10,Beauty,North,Email,69.18,1,0.0,34.59
2023-10,Beauty,North,Organic Search,228.08,3,0.07,61.49
2023-10,Beauty,South,Direct,140.11,3,0.02,37.3
2023-10,Beauty,South,Email,73.78,1,0.05,77.66
2023-10,Beauty,South,Paid Ad,15.28,1,0.05,16.08
2023-10,Beauty,West,Direct,44.26,1,0.0,44.26
2023-10,Beauty,West,Email,29.48,1,0.0,14.74
2023-10,Beauty,West,Paid Ad,21.44,1,0.1,11.91
2023-10,Books,Central,Direct,186.65,2,0.1,33.88
2023-10,Books,Central,Email,26.7,1,0.0,13.35
2023-10,Books,Central,Organic Search,323.31,3,0.07,40.35
2023-10,Books,Central,Paid Ad,56.51,2,0.08,20.69
2023-10,Books,East,Direct,39.88,2,0.1,22.24
2023-10,Books,East,Organic Search,211.54,4,0.01,35.28
2023-10,Books,East,Social Media,67.46,2,0.0,33.73
2023-10,Books,North,Organic Search,40.21,1,0.0,40.21
2023-10,Books,North,Paid Ad,31.59,2,0.05,11.82
2023-10,Books,North,Social Media,54.36,2,0.0,27.18
2023-10,Books,South,Direct,50.29,2,0.02,12.88
2023-10,Books,South,Organic Search,184.41,5,0.06,34.67
2023-10,Books,South,Paid Ad,38.77,2,0.05,19.98
2023-10,Books,South,Social Media,210.13,2,0.05,37.52
2023-10,Books,West,Direct,44.08,1,0.15,51.86
2023-10,Books,West,Email,52.99,2,0.05,16.03
2023-10,Books,West,Organic Search,115.89,2,0.05,39.47
2023-10,Books,West,Paid Ad,17.07,1,0.15,10.04
2023-10,Books,West,Social Media,206.38,3,0.02,25.93
2023-10,Clothing,Central,Direct,1033.01,4,0.01,119.74
2023-10,Clothing,Central,Email,317.11,3,0.03,79.66
2023-10,Clothing,Central,Organic Search,228.45,1,0.15,89.59
2023-10,Clothing,Central,Paid Ad,358.24,4,0.05,63.0
2023-10,Clothing,Central,Social Media,276.38,1,0.0,138.19
2023-10,Clothing,East,Direct,382.73,3,0.07,62.25
2023-10,Clothing,East,Email,946.31,4,0.08,100.17
2023-10,Clothing,East,Organic Search,453.45,3,0.03,111.57
2023-10,Clothing,East,Paid Ad,121.56,1,0.05,127.96
2023-10,Clothing,East,Social Media,21.38,1,0.0,21.38
2023-10,Clothing,North,Direct,668.8,2,0.1,94.72
2023-10,Clothing,North,Email,191.35,2,0.0,53.68
2023-10,Clothing,North,Organic Search,548.54,3,0.12,147.48
2023-10,Clothing,North,Paid Ad,186.49,2,0.0,93.24
2023-10,Clothing,North,Social Media,502.33,5,0.06,58.67
2023-10,Clothing,South,Direct,239.92,2,0.02,83.16
2023-10,Clothing,South,Email,148.38,2,0.1,72.84
2023-10,Clothing,South,Organic Search,641.6,3,0.02,150.63
2023-10,Clothing,South,Paid Ad,476.06,2,0.08,158.36
2023-10,Clothing,South,Social Media,593.98,3,0.03,141.05
2023-10,Clothing,West,Direct,735.93,4,0.06,114.33
2023-10,Clothing,West,Email,1919.63,6,0.03,111.25
2023-10,Clothing,West,Organic Search,477.03,2,0.08,61.06
2023-10,Clothing,West,Paid Ad,48.7,1,0.0,24.35
2023-10,Clothing,West,Social Media,329.0,3,0.07,62.17
2023-10,Electronics,Central,Direct,614.92,2,0.08,331.51
2023-10,Electronics,Central,Email,332.03,2,0.1,185.72
2023-10,Electronics,Central,Organic Search,1516.24,3,0.0,306.98
2023-10,Electronics,Central,Paid Ad,1460.99,4,0.06,153.56
2023-10,Electronics,Central,Social Media,44.74,1,0.15,52.64
2023-10,Electronics,East,Direct,1118.79,5,0.06,237.31
2023-10,Electronics,East,Email,1002.93,4,0.04,215.7
2023-10,Electronics,East,Organic Search,452.5,1,0.15,177.45
2023-10,Electronics,East,Paid Ad,708.82,4,0.15,164.0
2023-10,Electronics,East,Social Media,1178.59,3,0.05,171.65
2023-10,Electronics,North,Direct,39.25,1,0.1,43.61
2023-10,Electronics,North,Organic Search,617.12,4,0.04,151.32
2023-10,Electronics,North,Paid Ad,482.33,2,0.1,262.77
2023-10,Electronics,North,Social Media,273.78,1,0.1,152.1
2023-10,Electronics,South,Direct,1816.68,6,0.06,212.29
2023-10,Electronics,South,Email,1534.04,4,0.01,116.92
2023-10,Electronics,South,Organic Search,171.34,1,0.05,180.36
2023-10,Electronics,South,Paid Ad,592.16,3,0.03,101.69
2023-10,Electronics,South,Social Media,341.45,2,0.08,191.49
2023-10,Electronics,West,Direct,1961.57,5,0.09,219.92
2023-10,Electronics,West,Email,824.1,4,0.06,96.54
2023-10,Electronics,West,Organic Search,1865.73,4,0.06,169.96
2023-10,Electronics,West,Paid Ad,2874.29,7,0.07,184.42
2023-10,Electronics,West,Social Media,207.38,2,0.05,107.06
2023-10,Home & Kitchen,Central,Direct,376.01,2,0.08,91.46
2023-10,Home & Kitchen,Central,Organic Search,628.88,2,0.1,156.19
2023-10,Home & Kitchen,Central,Paid Ad,518.05,3,0.0,172.68
2023-10,Home & Kitchen,Central,Social Media,523.1,2,0.02,134.76
2023-10,Home & Kitchen,East,Direct,179.77,1,0.0,179.77
2023-10,Home & Kitchen,East,Organic Search,323.37,1,0.0,107.79
2023-10,Home & Kitchen,East,Paid Ad,490.65,3,0.02,126.19
2023-10,Home & Kitchen,East,Social Media,494.07,2,0.02,172.32
2023-10,Home & Kitchen,North,Email,297.73,2,0.05,157.51
2023-10,Home & Kitchen,North,Organic Search,360.36,1,0.0,180.18
2023-10,Home & Kitchen,North,Paid Ad,476.93,2,0.0,97.24
2023-10,Home & Kitchen,North,Social Media,134.2,1,0.0,134.2
2023-10,Home & Kitchen,South,Email,189.07,1,0.0,189.07
2023-10,Home & Kitchen,South,Organic Search,880.96,2,0.1,108.16
2023-10,Home & Kitchen,South,Paid Ad,765.1,4,0.04,96.1
2023-10,Home & Kitchen,South,Social Media,263.83,2,0.08,83.96
2023-10,Home & Kitchen,West,Direct,131.59,1,0.0,131.59
2023-10,Home & Kitchen,West,Email,811.54,2,0.0,144.1
2023-10,Home & Kitchen,West,Organic Search,745.6,2,0.08,200.58
2023-10,Home & Kitchen,West,Paid Ad,314.48,1,0.0,157.24
2023-10,Home & Kitchen,West,Social Media,189.6,3,0.03,57.08
2023-11,Beauty,Central,Email,149.27,1,0.1,82.93
2023-11,Beauty,Central,Paid Ad,87.16,1,0.0,43.58
2023-11,Beauty,East,Direct,36.22,1,0.05,38.13
2023-11,Beauty,North,Direct,107.49,2,0.08,58.4
2023-11,Beauty,North,Organic Search,69.74,1,0.05,24.47
2023-11,Beauty,North,Social Media,177.8,1,0.0,35.56
2023-11,Beauty,South,Organic Search,30.3,1,0.2,18.94
2023-11,Beauty,West,Social Media,121.8,1,0.0,60.9
2023-11,Books,Central,Organic Search,42.55,1,0.1,47.28
2023-11,Books,Central,Paid Ad,62.88,1,0.15,24.66
2023-11,Books,Central,Social Media,28.27,1,0.05,29.76
2023-11,Books,East,Direct,49.25,1,0.0,49.25
2023-11,Books,East,Organic Search,53.96,1,0.15,15.87
2023-11,Books,East,Paid Ad,29.86,2,0.1,16.58
2023-11,Books,East,Social Media,21.03,1,0.0,21.03
2023-11,Books,North,Organic Search,89.71,2,0.0,26.88
2023-11,Books,North,Paid Ad,52.39,1,0.0,52.39
2023-11,Books,North,Social Media,98.6,2,0.0,24.65
2023-11,Books,South,Direct,26.73,1,0.0,8.91
2023-11,Books,South,Email,257.55,2,0.18,45.19
2023-11,Books,South,Organic Search,29.69,1,0.0,29.69
2023-11,Books,South,Paid Ad,53.23,1,0.0,53.23
2023-11,Books,South,Social Media,23.65,1,0.05,24.9
2023-11,Books,West,Email,191.52,1,0.1,53.2
2023-11,Books,West,Organic Search,45.33,1,0.0,45.33
2023-11,Books,West,Paid Ad,141.89,1,0.05,37.34
2023-11,Clothing,Central,Direct,96.54,1,0.0,48.27
2023-11,Clothing,Central,Organic Search,1153.22,5,0.06,93.58
2023-11,Clothing,Central,Paid Ad,429.73,2,0.0,96.36
2023-11,Clothing,Central,Social Media,451.61,4,0.04,86.99
2023-11,Clothing,East,Direct,263.87,2,0.05,138.88
2023-11,Clothing,East,Organic Search,956.83,4,0.02,110.5
2023-11,Clothing,East,Paid Ad,788.72,1,0.1,175.27
2023-11,Clothing,East,Social Media,493.91,1,0.05,173.3
2023-11,Clothing,North,Direct,570.51,2,0.05,131.93
2023-11,Clothing,North,Email,394.24,2,0.18,160.84
2023-11,Clothing,North,Organic Search,568.03,4,0.06,84.89
2023-11,Clothing,North,Paid Ad,386.35,1,0.15,151.51
2023-11,Clothing,North,Social Media,352.2,1,0.0,176.1
2023-11,Clothing,South,Direct,25.09,1,0.15,14.76
2023-11,Clothing,South,Email,241.17,2,0.02,75.18
2023-11,Clothing,South,Social Media,675.45,3,0.05,80.39
2023-11,Clothing,West,Direct,45.03,1,0.1,50.03
2023-11,Clothing,West,Organic Search,929.91,4,0.02,69.75
2023-11,Clothing,West,Paid Ad,458.82,1,0.1,101.96
2023-11,Clothing,West,Social Media,237.8,1,0.1,132.11
2023-11,Electronics,Central,Direct,187.05,3,0.02,49.09
2023-11,Electronics,Central,Email,378.36,1,0.1,210.2
2023-11,Electronics,Central,Organic Search,286.69,2,0.0,50.69
2023-11,Electronics,Central,Paid Ad,1313.05,3,0.02,262.3
2023-11,Electronics,Central,Social Media,199.6,2,0.0,87.87
2023-11,Electronics,East,Direct,1867.81,5,0.07,154.39
2023-11,Electronics,East,Organic Search,61.72,1,0.05,64.97
2023-11,Electronics,East,Paid Ad,781.55,2,0.0,138.73
2023-11,Electronics,East,Social Media,997.52,2,0.05,216.3
2023-11,Electronics,North,Organic Search,2105.31,4,0.05,185.8
2023-11,Electronics,North,Paid Ad,1293.65,2,0.02,178.36
2023-11,Electronics,South,Direct,531.48,1,0.0,265.74
2023-11,Electronics,South,Email,162.31,1,0.0,162.31
2023-11,Electronics,South,Organic Search,707.3,3,0.02,97.23
2023-11,Electronics,South,Paid Ad,41.89,1,0.15,49.28
2023-11,Electronics,South,Social Media,642.11,2,0.0,245.38
2023-11,Electronics,West,Direct,574.38,4,0.08,134.26
2023-11,Electronics,West,Email,2929.33,5,0.04,278.35
2023-11,Electronics,West,Organic Search,427.68,1,0.0,213.84
2023-11,Electronics,West,Paid Ad,300.27,2,0.0,105.63
2023-11,Electronics,West,Social Media,345.33,2,0.12,199.0
2023-11,Home & Kitchen,Central,Direct,708.9,2,0.05,91.26
2023-11,Home & Kitchen,Central,Paid Ad,473.36,4,0.05,99.9
2023-11,Home & Kitchen,Central,Social Media,135.12,1,0.0,135.12
2023-11,Home & Kitchen,East,Direct,89.21,1,0.2,37.17
2023-11,Home & Kitchen,East,Organic Search,115.95,2,0.08,19.41
2023-11,Home & Kitchen,East,Paid Ad,660.92,3,0.07,116.98
2023-11,Home & Kitchen,North,Email,165.26,2,0.0,82.63
2023-11,Home & Kitchen,North,Organic Search,105.93,1,0.15,124.62
2023-11,Home & Kitchen,North,Paid Ad,1254.78,5,0.03,128.75
2023-11,Home & Kitchen,North,Social Media,134.23,1,0.15,157.92
2023-11,Home & Kitchen,South,Email,107.24,1,0.0,107.24
2023-11,Home & Kitchen,South,Organic Search,380.57,2,0.1,79.74
2023-11,Home & Kitchen,South,Paid Ad,104.13,1,0.0,104.13
2023-11,Home & Kitchen,South,Social Media,19.01,1,0.0,19.01
2023-11,Home & Kitchen,West,Direct,135.4,1,0.1,150.44
2023-11,Home & Kitchen,West,Email,27.13,1,0.1,30.14
2023-11,Home & Kitchen,West,Organic Search,56.34,1,0.0,18.78
2023-11,Home & Kitchen,West,Paid Ad,1095.39,2,0.05,116.32
2023-11,Home & Kitchen,West,Social Media,184.31,1,0.15,216.84
2023-12,Beauty,Central,Direct,234.27,1,0.05,82.2
2023-12,Beauty,North,Organic Search,171.94,1,0.05,60.33
2023-12,Beauty,North,Paid Ad,44.22,1,0.0,44.22
2023-12,Beauty,South,Email,69.76,1,0.0,69.76
2023-12,Beauty,West,Direct,416.37,2,0.0,77.4
2023-12,Beauty,West,Email,17.09,1,0.05,17.99
2023-12,Books,Central,Direct,11.97,1,0.0,11.97
2023-12,Books,Central,Organic Search,11.55,1,0.1,12.83
2023-12,Books,Central,Paid Ad,28.1,1,0.2,35.13
2023-12,Books,Central,Social Media,90.64,1,0.0,22.66
2023-12,Books,East,Organic Search,39.12,1,0.0,19.56
2023-12,Books,North,Direct,19.38,1,0.05,10.2
2023-12,Books,South,Organic Search,85.8,1,0.15,50.47
2023-12,Clothing,Central,Email,252.26,1,0.0,126.13
2023-12,Clothing,Central,Social Media,619.62,2,0.1,129.23
2023-12,Clothing,East,Email,137.33,1,0.15,161.56
2023-12,Clothing,East,Paid Ad,46.44,1,0.15,27.32
2023-12,Clothing,East,Social Media,176.76,1,0.0,58.92
2023-12,Clothing,North,Email,294.51,2,0.0,94.1
2023-12,Clothing,North,Paid Ad,369.96,1,0.0,92.49
2023-12,Clothing,South,Direct,75.19,1,0.15,88.46
2023-12,Clothing,South,Social Media,195.32,1,0.0,97.66
2023-12,Clothing,West,Email,181.47,1,0.05,95.51
2023-12,Clothing,West,Paid Ad,22.52,1,0.1,25.02
2023-12,Electronics,Central,Paid Ad,173.98,1,0.0,173.98
2023-12,Electronics,Central,Social Media,276.28,1,0.1,306.98
2023-12,Electronics,East,Paid Ad,550.28,1,0.1,305.71
2023-12,Electronics,North,Email,123.52,1,0.0,123.52
2023-12,Electronics,North,Organic Search,505.04,2,0.02,105.32
2023-12,Electronics,North,Paid Ad,482.91,3,0.07,87.21
2023-12,Electronics,North,Social Media,114.18,1,0.0,57.09
2023-12,Electronics,South,Social Media,1236.1,2,0.1,202.92
2023-12,Electronics,West,Direct,384.46,1,0.05,202.35
2023-12,Electronics,West,Email,613.68,1,0.0,306.84
2023-12,Electronics,West,Organic Search,184.43,1,0.2,230.54
2023-12,Electronics,West,Social Media,242.53,1,0.15,285.33
2023-12,Home & Kitchen,Central,Email,432.18,2,0.08,57.33
2023-12,Home & Kitchen,Central,Paid Ad,252.02,1,0.0,126.01
2023-12,Home & Kitchen,East,Direct,235.66,1,0.0,117.83
2023-12,Home & Kitchen,East,Organic Search,237.54,1,0.0,118.77
2023-12,Home & Kitchen,North,Social Media,130.38,1,0.1,48.29
2023-12,Home & Kitchen,West,Direct,263.76,1,0.05,69.41
2023-12,Home & Kitchen,West,Paid Ad,195.85,1,0.0,195.85
